,x1,x2,y1,y2
0,82.3098502185151,94.0258011603395,0.13726350647123609,124.96304544479575
1,22.826698382645816,50.94567737688721,0.7906769796785889,55.82580230003114
2,51.8799363018157,57.724435272120786,0.03415816821389725,77.612100977655
3,29.48735082717111,11.819705625180287,0.31214568698342937,31.768054707057328
4,53.1234670110484,10.555984950277908,1.8119905289940172,54.162086052370995
5,27.58931672783809,87.01960227734739,3.531958840496214,91.28845259953029
6,94.14171276570238,30.742739814775177,4.019429771232399,99.03422708225159
7,43.85321232513213,65.02598924120497,0.448286482337787,78.43139363820093
8,85.80146150806873,12.132172790155249,5.427164100203294,86.65495031174378
9,66.24852013690801,98.27462106128509,1.025671140418386,118.51905992315956
10,1.5243276437290731,19.609021614578104,0.3270561560192633,19.6681799729011
11,73.8497418427598,92.88346604616562,0.36228265705131674,118.66390620147084
12,1.3574212242063455,43.6295520518716,1.7869330447112468,43.65066327820116
13,19.80079361074967,45.73264248521982,0.6724607860483588,49.83518853477368
14,44.17283955451589,20.452689007226077,0.5626455419860931,48.67804681717735
15,48.40283131409628,65.48509880812557,0.29180386273756964,81.43176434985814
16,73.32471629268531,47.73166884781917,0.6550040775151691,87.49186379544479
17,30.906315997121492,65.64109843861085,1.2065051112575975,72.55311277086138
18,88.09514996768316,93.3043545143755,0.027135812009280228,128.3216973826829
19,99.02516146683536,45.74652455957595,2.838613150695584,109.08128672147528
20,27.358331331627294,79.33647552008574,2.701727473276176,83.92112154398477
21,7.478916145986725,1.9112625404305472,0.030998766671462705,7.71926882658934
22,14.179183454189381,32.309370742473845,0.3287036911082716,35.283773624744036
23,79.31321000321815,42.22212063249552,1.3757489107069332,89.85150389236446
24,50.551332924998626,2.9330992995640126,2.2674961736064714,50.63635385763032
25,45.59004911336648,19.345813597043417,0.688759897836233,49.52487336572116
26,85.2938330503762,44.7417594844448,1.6444706704967118,96.31647314031672
27,93.33425582979558,24.065181759143638,4.798204622605464,96.38680555139457
28,78.92671888725202,13.958366250955013,4.220886844274242,80.1514999404447
29,91.72577495694014,9.360968954319127,6.783961267849394,92.20219916691225
30,61.821398817699865,39.147330800886515,0.5141133604310781,73.17375800525171
31,28.130157848652416,85.06776579782392,3.2418911989735584,89.59816157948511
32,26.907232735892283,68.9567422174891,1.7681612476429005,74.02048007648098
33,63.875490368882005,22.184665835337835,1.7381248502867688,67.61832346406368
34,29.821879508520187,83.75769609046371,2.9090723103610543,88.90835816616554
35,33.26962911388889,65.81448888244638,1.0591678973550722,73.74561117946871
36,7.770777339514378,82.06739466834544,5.519987346506761,82.43447245000289
37,13.920768937268836,50.60393542123428,1.345654703290326,52.48376975714758
38,37.30632989181309,68.89927992102267,0.9981144915481333,78.35096057887372
39,37.97085560282692,55.855683621321305,0.3198670732511217,67.5399383181231
40,3.307345879185053,55.598507176724056,2.7343655498452413,55.69679108391074
41,36.81306616023643,42.75908681010462,0.035355161568658915,56.422879623004064
42,50.999021055675875,81.79902332481873,0.9486401397792052,96.39491877444324
43,5.155621894644669,38.08176026595099,1.0841305880464105,38.429167335162276
44,80.48060998547567,4.79730838727086,5.727962140804831,80.62346278470571
45,17.519036000332445,28.640148521759823,0.1236791437142488,33.573422967123946
46,82.37828948162336,71.60583357076442,0.11604580635139966,109.14933796996732
47,89.13107044001143,9.957073592836153,6.26852177675652,89.68551183059299
48,93.6866690151494,99.70768218771022,0.03625259962415083,136.81671622429616
49,96.23901385717932,85.66196344445828,0.11187399543324222,128.84067591161596
50,34.32662881813352,28.70162102004197,0.03164071272859077,44.74483763738595
51,71.70792809092593,13.407451987310203,3.3989455139082687,72.95057724161909
52,91.14207391792158,39.25724974896765,2.6920349790432656,99.23713667731803
53,99.6452566556105,99.52898807710997,1.3518382346532453e-05,140.83748308463902
54,83.08316149288922,27.19054852522158,3.1239841843534886,87.41932082071983
55,34.41133908065387,97.77376907771946,4.014797535133038,103.65254544383822
56,8.024508506285455,46.95622070479772,1.5156782147077887,47.63695413904128
57,73.69608482084263,85.180722998267,0.13189691406635343,112.63599996638874
58,43.75462103155947,0.6883700221286149,1.8547019760073045,43.760035590739086
59,7.137867018405187,84.92696712530487,6.05114409544126,85.22639785110627
60,29.04726907282411,98.88680711768293,4.877561074319284,103.06475858662297
61,41.136286445693926,94.59166731146726,2.857477743504886,103.14929756089222
62,7.655359179686528,35.242696950421085,0.7610612052765976,36.064556180677315
63,26.263155141509486,43.712065772536526,0.30446448220956845,50.99507831241713
64,10.600524190498628,9.705114335510402,0.0008017588084100373,14.372207811560342
65,0.5151201445134146,50.05118081703526,2.453821306951765,50.05383152110177
66,45.083647628701726,39.66956729755905,0.02931226583206601,60.05172647879917
67,34.587934576390666,65.12914874165536,0.9327657626885646,73.743686062424
68,35.407318186052414,68.78532620377969,1.1140914192314662,77.36342341241588
69,85.57811607317136,24.39815535562232,3.7429875934008434,88.98811120250993
70,11.037157557257348,68.17207637562237,3.2643989483811615,69.05976284572235
71,36.15017122544436,38.886122929066815,0.0074854317245546115,53.09393031301639
72,49.29438195174808,62.96581812583602,0.1869081670621604,79.96643260931856
73,62.32395050170093,0.65460659783525,3.803107977533255,62.32738816873684
74,99.49095974344469,54.07754720468976,2.0623780384151438,113.23794497582152
75,11.722101107670369,2.709402506291003,0.08122873607930557,12.0311477557024
76,2.3489717467015447,80.62572022680993,6.12724935261815,80.65993076093378
77,40.86126050859767,55.156504305182786,0.20435399520380532,68.64315390131146
78,14.330334148232382,58.04433215273074,1.9109136215372864,59.78714721289624
79,8.689828385701691,43.317624695518084,1.1990842772741335,44.180648780147
80,6.491143589747638,85.81165711614752,6.291743866091786,86.05681519857676
81,33.59697195052671,30.171497513273636,0.011733875120274252,45.1561267873802
82,46.45052877147114,60.33641644833894,0.19281787657458893,76.1454842585997
83,99.63290154289417,33.28320083824919,4.402282783595968,105.04516422898902
84,97.72898679018517,26.477344918405286,5.076796469424378,101.25218344788615
85,61.7794049496115,2.964821699088238,3.459155202932731,61.85050560533411
86,80.88580302794716,39.90850199912693,1.6791391996065512,90.19535278100632
87,81.96766377885588,52.748413229290925,0.8537646026782519,97.47355027683969
88,60.34061572611215,66.31903278118929,0.03574147048443728,89.66160836856983
89,15.05877438712111,49.55518744111718,1.1900025135919101,51.792695318611024
90,12.937194869248103,15.19505554714431,0.005097934840789921,19.956470734218023
91,9.27066859575798,27.155354043183323,0.3198619735533478,28.694225018686357
92,43.029160151741884,35.24612175592301,0.060575686670790774,55.62191764221728
93,39.5792548855959,99.17478029855819,3.551626649247034,106.78087124839473
94,39.18286308922261,82.22437281599763,1.8525715595600685,91.08317212774779
95,64.09456423876169,36.43275077439752,0.765175924137279,73.72556201173452
96,9.319126021871726,73.83761492859911,4.162635410807504,74.42337998341387
97,53.43972121183911,1.3331256132049663,2.715097304879599,53.45634692999204
98,35.91637017710181,0.9772311465846006,1.2207434361938112,35.92966222235416
99,18.331236449783272,11.500050758638325,0.04666509794690347,21.639902893246095
100,7.794737983459776,97.84732739107115,8.109468859015838,98.1573095485316
101,68.19477489470842,40.97794897636733,0.7407556130692832,79.5595350995072
102,76.14694419010006,55.48520398647854,0.42690750824194984,94.21764681263987
103,5.097183480569845,88.40692292384085,6.9405126861057065,88.5537424409411
104,68.10631680858893,18.74196118149739,2.4368396064779643,70.63803152807019
105,90.30739334346322,37.448857083986894,2.7940248554943734,97.76421732611509
106,2.0333716408766023,22.016057767700314,0.39930774484315285,22.10975802356594
107,59.85523932297333,42.67146829035967,0.2952819869012924,73.50852930419424
108,3.4798363841972324,55.10589832561878,2.6652502715794943,55.21566165078725
109,84.86392936489374,89.45985191317108,0.021122504069764108,123.30835986086333
110,47.5735858968348,30.428111484022846,0.2939672928403894,56.47225906201771
111,92.3421833716331,86.67581990092017,0.03210767498222981,126.64823956667168
112,80.54231092182934,54.92852264924393,0.6560661496728338,97.48951968830872
113,41.63810025880822,56.676636583966314,0.22615757480309945,70.32760857325916
114,14.860848331154642,50.95597124643171,1.3028578982689596,53.078769944194796
115,66.2571011842399,7.295184983169256,3.476507562102077,66.65750656360665
116,53.838882774739474,45.98490036449171,0.061685039700481316,70.80421145641246
117,11.380999789175172,0.7214340084831128,0.11362634263290111,11.403842476542778
118,44.52858083421949,95.15314760965285,2.562846761200311,105.05672758626172
119,48.89578954977072,20.09156296169693,0.829683469337097,52.862738653415406
120,98.39916918321214,27.71316989472341,4.996510495412229,102.22727758069374
121,56.9209944227563,86.44792587487122,0.8718396809778931,103.50479937733652
122,21.65698028041616,9.078756871972782,0.15821170411271296,23.48294319728103
123,13.02427114355903,38.466318684007916,0.6472977830504613,40.611443115464404
124,53.60095754388745,29.11770949437661,0.5994294350538766,60.99921028849911
125,5.813544746893696,81.83976205252162,5.779985717802559,82.04598683261415
126,86.99467241755274,88.16299939217683,0.001364987919634288,123.85793269250978
127,56.394371202164194,51.91375038725573,0.020075962886990976,76.65091377509978
128,93.66869700015901,53.617543191023955,1.6040949214429938,107.92898468691772
129,22.21430245131286,74.23241630812775,2.7058841692205573,77.4850105784441
130,21.442656379334856,63.64728495645586,1.7812306733327392,67.16222446383475
131,67.74291984022331,45.84427781545497,0.47955052252894986,81.79731656295051
132,48.32742043142243,69.98662726920472,0.4691212408418349,85.05097037702777
133,92.12480220780276,59.12011107529017,1.0893096367525552,109.46308380171567
134,19.309587710134057,59.89309584794198,1.647021132771522,62.928873403121756
135,37.56738348130615,15.263018137674411,0.4974847133822006,40.54957489669272
136,52.84257642394675,35.028447307835705,0.31734319616547535,63.398186124829124
137,8.548878620464162,83.45715138770134,5.611249328970807,83.89385819842315
138,30.27232798358469,34.589678112280644,0.01863951213375096,45.96585334198541
139,29.86465040696644,86.77321098168288,3.2385842666861704,91.76866288664105
140,96.51248916209192,65.3284557355916,0.9724439407450893,116.54384450952381
141,19.971304061455587,48.88169514170898,0.835810712413195,52.80410122179988
142,98.441990688965,31.96196107691407,4.419594337219171,103.50068833920112
143,0.4782938820608873,26.294675017346492,0.6664855349223303,26.299024683540694
144,16.84039595090222,91.23824836362726,5.5350404436256175,92.77939911556928
145,19.254820050379873,99.79378547535403,6.4865249517251815,101.63438254190109
146,61.281908620705416,85.8448157645781,0.6033364073585118,105.47418981841409
147,63.83802970041073,0.9090601204267412,3.96005521239855,63.84450192720649
148,81.48069319343722,89.06026607072455,0.057449925002109783,120.70971110839135
149,51.4591548207053,18.63412030482966,1.0774828909684273,54.729106099005335
150,29.422337628112917,31.391315907405392,0.003876875464325557,43.02427995796318
151,24.051190067251284,3.0745637464540065,0.44001885180236505,24.24691085235511
152,54.092372770703676,56.08345978452388,0.003964427496603464,77.9187991011609
153,93.52565762451614,96.70820001658313,0.01012857607730349,134.53447359151357
154,50.99475244292875,7.603669349898978,1.8827860919862138,51.558515924124315
155,45.26509410947723,21.811185774944065,0.5500858161646844,50.245960729684064
156,77.54135741698376,98.98505959247642,0.45983236299122865,125.74062244396013
157,59.63390044800087,24.590299774557188,1.2280539481597827,64.50492171644476
158,81.95593221328453,85.56662406742403,0.013037095665549364,118.4838469127516
159,9.894705797777803,9.141496375212931,0.0005673244342405079,13.471160261930255
160,12.409164994197875,72.66843572575922,3.6311797090996065,73.72034269238054
161,20.828454197802483,47.38703366496565,0.705358143313621,51.76249089673471
162,14.612776410284612,84.4025605568871,4.870613971229368,85.65818970172066
163,15.30962295084749,88.18964854334408,5.311498130362958,89.50865134217847
164,17.367336362528853,21.00758622766171,0.013251419080599796,27.256981700875446
165,54.683575592245916,9.305507291443238,2.059169082712313,55.4696845628671
166,38.2459889554755,81.8648189593274,1.9026023309049305,90.35819970775094
167,1.671218063728841,51.494300087960895,2.482339502393355,51.521412163929504
168,38.757051810583974,75.23092308693941,1.3303432858841464,84.62742376772015
169,21.261549283237045,74.5627984458704,2.8410231622971227,77.53492367961042
170,0.006439240243039102,93.26350449831531,8.69688022054835,93.2635047206092
171,54.822430381068564,56.87987199065112,0.004233065976841651,78.9988525901482
172,13.677649242249013,38.17927174400525,0.6003295052185676,40.555331088484444
173,5.207226330370673,5.331923859530607,1.554947377859257e-05,7.45282618202903
174,90.3417404285952,66.6852028203221,0.5596317716116395,112.28778356907384
175,32.72327994897613,0.06188603934785819,1.0667666521199024,32.723338468147304
176,58.186343846594646,60.876681108627174,0.007237914583480682,84.21176231997302
177,40.721811362251756,18.688733575567472,0.4854565167540804,44.80552067861012
178,8.22562022182306,5.487249191183263,0.007498675901447266,9.887908359193355
179,45.47518877178116,74.84083674372005,0.8623412808118383,87.57364693975744
180,4.77084777446276,52.212113691790265,2.2506737118385804,52.42962716491058
181,6.731023457868124,89.32695145905171,6.822087322376704,89.58019275352198
182,67.5897352263927,56.545355518042506,0.12197832314221763,88.1234902771996
183,60.56756289635346,47.094448108568,0.18152482208484313,76.72233519552397
184,90.80553887333859,14.109945105000532,5.882214103477935,91.89524710747305
185,69.84328476165331,44.66871074064669,0.6337591771391414,82.90583903157219
186,53.60115564389973,98.38881606590779,2.005934526077107,112.04214837824469
187,95.83393996325246,64.90772323039378,0.9564308814077481,115.74608668906987
188,45.03100747730401,35.48498202949849,0.09112660185015056,57.33215139914811
189,23.353236490730968,9.89859373557348,0.1810274116689119,25.36445963417993
190,47.2456130737644,13.1192498766749,1.164608665059665,49.03328126938368
191,3.4598550423214025,32.606284214572234,0.8495143334930344,32.789333131299564
192,30.898182324111566,87.32850043378394,3.184380801958818,92.63349641974789
193,81.11696709090398,59.16437867504115,0.4819161381562751,100.40112576077254
194,8.559409023566777,91.21207289355442,6.831462844805162,91.61280327755397
195,19.52324224962564,46.95165088397878,0.7523176002130578,50.848938127246996
196,31.801741290551245,26.019868564922767,0.03343005221536649,41.08995387253444
197,34.143399764255555,62.84395547012681,0.823721897825819,71.52016839041312
198,19.875024605861057,75.14644358632316,3.0549297561137863,77.7303324755274
199,63.18527502439552,87.50465671893325,0.5914323260046166,107.93258973733026
200,19.19909718253675,85.00940106138466,4.330996096626305,87.15046529674893
201,60.91928895376621,46.55132354854008,0.20643842988577488,76.66932561822442
202,83.66024228940245,47.32110783746278,1.3205326927161483,96.1161973180707
203,41.65707947437291,5.7246885357572275,1.2911367185655103,42.04859485364108
204,55.86055846263102,72.83031912392543,0.2879727769016155,91.78593233960113
205,83.06272704973064,39.74814037355642,1.8761534189278095,92.0832845205578
206,24.848059962495906,61.56561117082904,1.348178566736566,66.39089216705482
207,6.0351760542177395,25.16830858904503,0.36607676059526656,25.881791036147423
208,64.54183917205127,61.11956779533975,0.011711941375858969,88.88897890739922
209,13.352085413257864,45.404679846729515,1.027368809916618,47.32719236197029
210,14.423739808474224,67.43348974144028,2.810033587955595,68.95882690976912
211,16.297912482099363,29.13903502528784,0.16489442816918326,33.38720283999727
212,72.95951353652944,15.160408099344636,3.3407365893388064,74.5179749404511
213,61.27352936795538,89.37304788363247,0.7895829408128792,108.36044983856311
214,64.80319957113909,75.45704290332299,0.11350437774671927,99.46466708520572
215,20.88234392411461,31.901540256149673,0.12142268780393496,38.128474379127006
216,12.582568699441588,24.2168576393191,0.13535667913655627,27.290606973814548
217,94.39577357301914,26.845092583096065,4.563094502202355,98.13878470942922
218,95.76056143248557,70.05689429542207,0.6606785042929584,118.65097371781145
219,10.44884885035623,39.06590848331748,0.8189361020364603,40.439135103566784
220,84.41672019341405,42.00501346799322,1.7987528673631064,94.28999843387129
221,81.76589609250162,48.83891784504936,1.0841858965081945,95.24128128120311
222,16.27602566591517,83.00118895340508,4.452247415742191,84.58195067008316
223,0.4417809743573642,35.03093739572694,1.196409741941972,35.033722971626126
224,36.24979725589367,74.99946352968318,1.5015366363300606,83.30046416937707
225,46.31650078869009,69.27339644938012,0.5270190583758084,83.330796833714
226,64.02270187946239,6.557381457513278,3.302263051197281,64.35763829978424
227,40.941420597876956,87.17356212679174,2.137410910349607,96.30903308852125
228,27.855804646658775,96.65852097767448,4.733813774526217,100.59232341537974
229,83.91896759335484,45.95671767156346,1.4411324191245494,95.67869679859949
230,92.94755019602947,27.58373049389482,4.272428926053166,96.95416069155176
231,59.879455414233895,19.93970589305181,1.5951835918147648,63.11213078170179
232,60.43950702504488,58.40253068604466,0.004149272605646735,84.04635387668426
233,84.04367326338344,93.57829194606093,0.09090895342406263,125.77851859178722
234,87.72510158414218,63.11182526675393,0.6058133710761052,108.06847799635815
235,1.4851447929444261,83.07406420408597,6.65675177067775,83.0873383761967
236,26.434120903247006,18.461235099755136,0.0635669080355222,32.24251772637973
237,68.87872235327856,53.0413004865723,0.25082393138402576,86.9347913687431
238,26.241825869917523,22.555390985096224,0.013589802160027425,34.60316585917584
239,44.3072246084283,12.10834738394796,1.0367676945171589,45.93193038477779
240,4.877689943382613,72.80094213525102,4.613568188320158,72.96416267568581
241,40.83518430062647,88.33132770067881,2.2558836378783353,97.31359478629302
242,48.233902485952484,32.01375600060404,0.26309315200616146,57.89119036857495
243,4.852525894825222,93.9719392246187,7.94226983224657,94.09714325735601
244,95.61151325412148,60.17732694708282,1.255581559241926,112.97288234456597
245,65.87598256827414,99.48471298748733,1.129546760391346,119.3182852606351
246,19.796414430519228,83.84053271149186,4.101649086387214,86.14599787367726
247,99.46225327446766,53.48222884614437,2.1141626464292056,112.92957375632704
248,14.026620794481593,50.85868002535187,1.3566005871863365,52.757477430534045
249,44.555058045218374,9.870377602844338,1.203027057389604,45.63526653187762
250,19.463183375120096,77.57376473252525,3.3768396656956035,79.97815002780902
251,54.21559128050202,0.5221934915609516,2.882980966121462,54.2181060526562
252,25.480766169009904,49.77799859353161,0.5903555034912291,55.92064545887677
253,9.340684251374853,83.91909122254016,5.561938786356758,84.4373273730339
254,19.596423959617194,12.212494578874168,0.0545224130998001,23.09036283482981
255,27.484007446151725,16.156755351928677,0.12830664000608044,31.881207768875374
256,40.07757551455416,20.360726459068868,0.3887541366767914,44.952989233929905
257,26.093036548627424,95.99470117466136,4.886242717490524,99.47778249408526
258,41.8514947387696,22.980119583370207,0.35612880025582555,47.74550772518033
259,34.16391014139892,0.9575246315767671,1.1026640386269269,34.17732595697996
260,34.80372274098657,68.4691801847956,1.133363024900917,76.80708139103758
261,41.911098394475964,49.99459197871269,0.06534286852639633,65.2380210900776
262,7.285927757274346,99.04750945408531,8.420187875500513,99.31512408662307
263,7.482237365534273,46.90089131425778,1.553830279129215,47.49397311308055
264,51.133840005711775,21.810490737048237,0.8598588123320304,55.59107032537327
265,45.68346721643609,77.77476785194733,1.029851576478764,90.19918897273685
266,17.868946311413858,52.68112301255496,1.2118876466714716,55.62912873795651
267,53.53636604152662,45.82008621772242,0.05954097431924778,70.4671752657352
268,18.272699682461802,5.594248777226141,0.16074311735647095,19.10987108975191
269,25.947692867342166,27.831662971439552,0.003549343353132717,38.051073951909935
270,60.12784510506296,41.58696307447413,0.3437643064722119,73.10836651667249
271,51.114324158945145,9.185285578652714,1.7580442762676507,51.93306851503316
272,73.2289649145963,17.131825019624536,3.146889104396033,75.20625460004115
273,35.29920085780728,97.85376869864439,3.913073957753892,104.02592768020682
274,84.65985347281612,85.2202118723619,0.00031400153594150445,120.12399969035725
275,21.81861716772222,89.04197322383787,4.5189795994473005,91.67619675088122
276,95.94640923940263,48.31204903688199,2.269032271903482,107.42330998473756
277,83.3709452273469,14.44198734135701,4.751201235248567,84.61256116244911
278,8.192636144581499,89.99428229301816,6.691509312594042,90.36642148736965
279,85.25788475270897,54.41343571079125,0.9513800366994595,101.14212227533402
280,94.46320942273799,67.88980349961882,0.706145902354865,116.32851479177799
281,58.29469421027954,78.95334971527028,0.42678004727388424,98.14225799487073
282,94.86853721237118,51.14595267800609,1.9116643983647013,107.77730664734527
283,76.80635310362017,60.74632414279195,0.2579245302226411,97.92513351504368
284,1.6839954080042685,66.97719064938971,4.263201344829679,66.99835750090354
285,72.82781378817579,65.99710852221443,0.0466585344304322,98.28280009471727
286,35.9889064980901,66.96799992096048,0.9597042293029306,76.02574829846817
287,87.58234291463206,51.660737473318186,1.290361737481431,101.68332501793645
288,23.81024060220739,96.30961443146026,5.2561592056337565,99.20922028456602
289,6.089645748352302,65.82121736025057,3.567860647227331,66.10231796333451
290,78.65152733104381,26.08928943123898,2.762788853035679,82.86563687399554
291,55.41262626884003,89.76686922350419,1.180214008988092,105.49241660043552
292,66.34922536838543,34.50977300530096,1.0137507267811257,74.78732606439543
293,80.71739974974214,96.19979670778442,0.23970461556639663,125.57746417641472
294,63.65754085769099,31.866590658219874,1.0106645145852526,71.18821607701055
295,79.4530836409934,35.65486345607732,1.9182840913663899,87.0865189804611
296,33.65828144904582,91.8051879934659,3.381062740685523,97.78073661319391
297,95.81197672177233,75.33634449051108,0.41925151526986426,121.88313945959221
298,88.65582878032427,50.57802419635483,1.4499192019349638,102.06856768042367
299,66.29996526054424,50.66373300289941,0.24449175921501268,83.44159175937652
300,81.76380248769853,34.680393336025915,2.216847417343808,88.8146895462054
301,47.82057532194081,0.717485538578333,2.2187010671395067,47.825957487743864
302,80.60228886876631,78.36471394250411,0.005006741550637281,112.41778045387014
303,21.27286157447076,17.42682868942226,0.014791968952874499,27.49961813802267
304,78.65984391603324,83.11542275891432,0.019852182825129516,114.43576602307412
305,1.0434680210537617,86.84097517897158,7.36121223451296,86.84724402965082
306,47.6546235920152,31.327838449198907,0.26656391309968674,57.02978705550072
307,25.492630025555098,0.05738740611855864,0.646951567109601,25.49269461893376
308,63.20647303632158,14.113128177651024,2.410156509412355,64.76294172325755
309,38.35493663309886,63.446089588108975,0.6295659566117129,74.13843435190265
310,75.84584276886764,73.11120473856418,0.007478245156781976,105.34628671027774
311,83.6641953776763,96.95844071618679,0.17673695912050796,128.06497106667499
312,59.99529174148288,68.10558628781283,0.06577687762822927,90.7623595702115
313,73.9012458613944,17.533730614438003,3.1772967751158623,75.95278697405345
314,32.74004959214702,16.604000070364922,0.2603720941694042,36.70972167741025
315,16.109677248974318,90.87769201406172,5.590256031912328,92.29451016647077
316,20.057318893508437,93.71220370813556,5.425042057055989,95.83461360610261
317,83.15704386539767,17.47302976974575,4.3143897077178,84.9729410681194
318,45.66045790315984,61.713463008940096,0.257698972926207,76.76867155605892
319,84.20363218079022,16.190682304085403,4.625761350931162,85.74607784563463
320,73.57569206592399,43.79998730959977,0.8865925937357886,85.62605532955942
321,97.16164357588224,95.53426396526723,0.0026483643970454575,136.26144199204754
322,70.80407292889103,63.57656402666837,0.05223688493170779,95.15879484712269
323,89.57321381851526,60.450390458649586,0.8481388404499376,108.06299246449103
324,22.81989523348923,82.72097765525719,3.5881396752994377,85.81088370777324
325,22.599700005034208,48.07602568875276,0.6490431703428974,53.122977009418044
326,75.22584798706391,75.33076583628201,1.1007755084551357e-05,106.45962843657497
327,37.935122049433986,21.877564983158383,0.2578451389366975,43.7915669335749
328,94.79109111543018,14.918042217138227,6.3797039403089375,95.95779769485179
329,59.86823934164786,68.13758320946744,0.06838204800424527,90.70246042691417
330,13.896248664097,56.340621102526576,1.8015247516921202,58.02905576651132
331,21.14637574628475,33.027510816257845,0.14116137055094455,39.21716050303858
332,60.94199749478702,33.71586596295067,0.7412622381888533,69.64687125985117
333,44.675935886184114,5.4668261532067834,1.5373542860526577,45.009170571071614
334,17.333003119691213,72.01995639469678,2.990662858502642,74.07636003639251
335,65.61868347517674,20.35124519404531,2.0491409685360438,68.70214554119534
336,33.67108396510537,48.51607079937163,0.22037363410953875,59.05549103339008
337,96.70384982496508,20.269010961282362,5.842284592117141,98.80519913606764
338,97.1836495266526,49.61543668728577,2.2627348727313032,109.11623753131019
339,23.94139989135643,96.20886099687725,5.222585934637965,99.14300561852203
340,85.00843224791613,95.02563172688444,0.10034428540144294,127.50021269920303
341,44.46800818743672,37.44791548605767,0.04928170153595549,58.13561839706237
342,66.90907497046432,90.84798054891459,0.5730712002939576,112.8280988194837
343,13.952208343316597,23.296468685777562,0.08731520134768869,27.154917987037408
344,11.543930958703385,33.656210612599466,0.48895291149210657,35.58093386603228
345,37.010829025614456,85.81322113020803,2.3816734751304973,93.45432245704448
346,0.9438830273424403,24.01260171256351,0.5321657817778677,24.031145544387037
347,36.373393738720786,16.050676537474352,0.4130128344418377,39.75736396420973
348,82.69615161759994,49.50893777901011,1.1013911623682882,96.38354845287121
349,60.79535606593803,47.46608911312498,0.1776693574993541,77.1304410390561
350,88.322754596416,66.30548891050123,0.4847599882841604,110.44150867839195
351,40.57626502625625,21.47371538395968,0.36490740283640494,45.90810098307588
352,88.06089668089233,97.08782853186152,0.08148549864204208,131.0754285641475
353,90.12722475186331,11.618557164114328,6.163610886403669,90.87302961852144
354,95.15936863704371,41.39876997361429,2.890201968650329,103.77458067720151
355,51.58402245815162,53.530960635170274,0.0037905682651327103,74.3402658018334
356,25.262692636820805,80.58125843449766,3.060143721911903,84.44846268671668
357,45.91944796246613,59.82019923237776,0.19323088586794981,75.41254496023194
358,90.22457381169801,64.76464235884778,0.6482081095838323,111.06274181457975
359,28.483347887363564,34.79667432380567,0.03985809069307875,44.967873541780634
360,87.00090145096286,93.88785823198876,0.047430173703718645,128.00033897091902
361,90.11979502031333,90.20095241948466,6.5865234402548695e-06,127.50603621744905
362,52.132090075453995,57.526640307121156,0.02910117220198022,77.63420097263928
363,27.359987305569923,42.46014023643204,0.22801461853542376,50.511705715194594
364,86.93589923046456,82.78398415570494,0.017238398788016134,120.04598538769007
365,54.6580033782488,2.625760867809579,2.707354260665158,54.72103757634332
366,72.86781126598797,35.289803380457975,1.4121066766449542,80.9634988209318
367,57.635352085676594,9.86402910711799,2.282099299121761,58.4733518815706
368,69.54672409572858,60.387388524567996,0.08389342810512755,92.10528500180932
369,35.790049442037095,49.24289896932324,0.18097916040380313,60.87520626631532
370,88.8943707845809,66.42618446873986,0.5048193963233465,110.97137982498734
371,64.88369122729007,65.90273555998768,0.0010384513520031045,92.48277645901416
372,97.0736864691793,46.182690316077554,2.589893489455016,107.499495299035
373,37.5512146929344,43.13478845162065,0.03117629591868969,57.190066442354464
374,6.119496960378412,1.0196198557054115,0.026008746482767867,6.203859097225641
375,41.59400040194048,21.50009780165848,0.4037649217096196,46.82216435532967
376,61.583315073567746,86.30217397974428,0.611021985623463,106.02155407784008
377,51.37066370466642,84.69056029804095,1.1102155089931716,99.05269351741043
378,13.953432003644217,19.113107265807905,0.026622248810983924,23.66451212331667
379,0.05756497685102113,77.11905688384533,5.938473534931749,77.1190783683281
380,79.77127602767852,20.200861865256915,3.5486342434824416,82.28931461121347
381,30.25166483950589,58.44487521206702,0.7948571111114884,65.81008026218994
382,9.038115944643055,60.78816646961336,2.6780677293369797,61.45639692144535
383,0.3716653497552569,36.05809492774581,1.2735212560248794,36.060010329318224
384,84.00961046837624,22.849841581726903,3.74051733026836,87.06164431802519
385,42.91661790707181,64.76364111772072,0.4772924231666324,77.692762233084
386,78.54834912639312,35.68692719030465,1.8371014903834058,86.27514081569412
387,96.97241822976363,48.61910390251928,2.3380430064292943,108.47795703096625
388,99.66839340072637,41.181673052836665,3.420696457052256,107.84117413359654
389,73.00314724184818,6.186326146822541,4.464487581244664,73.26479467254259
390,44.84217062388919,67.76207027159032,0.5253217998606904,81.25588245631165
391,40.88439160158909,99.53661822723684,3.440083688146344,107.60609576016958
392,54.02176224851052,44.09091372393701,0.09862175241802391,69.73062074473633
393,26.173936535172537,35.0570201616671,0.07890917471529575,43.75008132978467
394,62.8583782171226,95.49780198002178,1.0653319835741075,114.32849992500682
395,99.0777669338015,90.25254495562994,0.07788454296400227,134.02210926394454
396,21.60352944365911,6.451619561326671,0.2295803730823234,22.546305226957674
397,11.486489533317156,19.155687450140867,0.058816596687413146,22.335617374196058
398,13.941064724569507,94.02744524439063,6.413828344765584,95.05531939266479
399,20.646461769008695,5.5899507050641954,0.22669852541868316,21.389809079657194
400,44.09918749266114,69.54032136896878,0.6472512929122081,82.34436613158385
401,36.621866019417425,2.0836961667815235,1.1928851767695277,36.681096772855916
402,78.88377212083562,32.22073944481899,2.1774386185229955,85.21047796123923
403,78.08711859348506,66.52042631874228,0.13378837017859424,102.57955550625194
404,61.69722558632235,95.21571247441737,1.1234889632673983,113.45739088777103
405,35.87099147310661,84.61636318782205,2.3761112636057793,91.90569595186739
406,31.16104556608579,72.96981684579823,1.7479733559193082,79.34484817101243
407,92.75963336653173,27.253338985147877,4.291074603580522,96.68037064540438
408,18.393153383692283,40.111307460660704,0.47167821651094005,44.12737333673608
409,1.278961910180676,32.9779827223489,1.0048279204502741,33.00277394406773
410,57.95960193538227,1.7090018409739893,3.1641300109810446,57.984792349377436
411,14.911490840284802,61.853269162977384,2.203530552096811,63.62530522698989
412,11.409463435657052,90.45946909908369,6.248903395387785,91.176155904807
413,22.39530003689444,0.9120744556291971,0.46152898137552945,22.413864984761897
414,44.42420273673425,5.231345183973235,1.5360800831510164,44.73116096445907
415,7.8188126985607065,54.9920619115864,2.2253154413142293,55.54512314598758
416,18.87367790391178,87.38246319960297,4.6934536626911125,89.39748649962466
417,31.713154922691565,8.46771768147142,0.5403503525355043,32.824174595619915
418,88.3175638574293,52.45657189817865,1.2860107443014401,102.72139027982385
419,7.294314463138463,26.01684180141064,0.35053302993234897,27.020049607777906
420,75.84624081447305,56.991607239172396,0.3554972072588547,94.87199555923299
421,43.06936448293071,65.58959918599724,0.5071609710812023,78.46633468146263
422,16.59635942317993,31.85042452465987,0.23268650212018827,35.915020374551204
423,88.22324497184889,30.688572615911735,3.310238523105038,93.40840134894155
424,89.94366122179913,11.86741197855018,6.095900695893933,90.72319252016217
425,8.281845884735773,2.4530010668705637,0.033975431910754104,8.637487220979432
426,0.3053517118913329,60.482071931908166,3.6212376564381823,60.48284273117847
427,2.4136402779073363,84.80262119683786,6.787944176859899,84.83696258851745
428,81.33206117679957,65.90583227251689,0.23796853820732644,104.6827727126092
429,94.57512924557439,3.7872514577135585,8.242438753223555,94.65092892001141
430,26.207069062779166,91.84420711613323,4.3082338918350604,95.5100458048914
431,80.00790436499528,44.243458418772676,1.2790955938402788,91.42619085213984
432,23.963310624577318,76.60204498582908,2.7708363551544273,80.26277812349235
433,26.0091910192645,62.33729776742489,1.3197313399057369,67.54566389059468
434,70.17908093978377,66.77271572630798,0.011603323967577994,96.86949451204471
435,48.51316893091548,80.65530934047172,1.0331171901076281,94.12123291015013
436,26.50306355524422,63.87534832907688,1.3966876692164445,69.15542279513747
437,56.88418504910015,51.90976261149554,0.02474487858774418,77.00931088564609
438,48.98046404508703,37.08062466897285,0.1416061771773175,61.43336702406358
439,24.36617934828902,14.842149138089688,0.09070715144478951,28.530686761280087
440,1.4780262910265463,21.194434090028135,0.38873673649653073,21.24590779687967
441,18.59932532498101,27.750658175824185,0.08374689294692148,33.407094033092996
442,93.82647825620093,71.05851964670305,0.5183799392438088,117.69758381692561
443,46.04329663848844,5.754567900224283,1.6231816633454326,46.401510935077674
444,5.018170536658295,12.254146268341525,0.05235934478950866,13.241832815018242
445,14.034888855687665,53.00140322598467,1.518389242170563,54.8281574477469
446,10.519707147769374,1.3585522664827376,0.08392675875892196,10.607068526958589
447,92.80339165963962,99.98721842374462,0.051607366976671405,136.41815623900686
448,23.364859766521473,80.23291439144437,3.2339756368232138,83.56576585931619
449,39.05705372286798,98.51636384153831,3.535409559788212,105.97606989348752
450,22.6848043373996,47.96261131106463,0.6389675253978683,53.05669073361406
451,8.978252520521036,87.66972212791308,6.192347388971105,88.12825424520636
452,32.03515392768723,87.739198158531,3.1029405436717985,93.40459293135741
453,40.60788789573273,7.236972158911459,1.113618017114026,41.24771903246598
454,93.19163120701253,17.614590462608316,5.711889087681334,94.841730921516
455,47.02942122375258,80.42156733497622,1.115035421913308,93.16327040875746
456,36.7481411776889,58.53018399929565,0.4744573894823102,69.11011734186796
457,73.40265355820719,83.07433600974221,0.09354144144333046,110.85709202773513
458,36.679896283361835,82.56960114501594,2.10586501228972,90.35017335127365
459,92.11088692061038,21.214334162790816,5.026321192942293,94.52229082746581
460,80.15169153615257,13.76740944477115,4.406872908788104,81.32548935559211
461,33.676051858379864,72.74217819901466,1.5261622272624398,80.15922253805543
462,24.032439377179283,49.251887792766716,0.6360205783864754,54.80243236909362
463,46.69817235390881,52.841676635538704,0.037742644858404846,70.51923206367331
464,79.49382021526696,32.289648067175634,2.228233868186641,85.80145001524885
465,76.00756241608758,61.25732358428721,0.21756954559515165,97.61971746089783
466,38.80761887455352,87.2352238170108,2.3452329204627134,95.47782756806195
467,41.936027664979,55.66651792511775,0.1885263627837651,69.69499002242084
468,53.544460624572174,98.62749919693191,2.0324803669168756,112.22474264357733
469,4.4932160122012395,53.32189016298282,2.3842394193232055,53.510867687653
470,28.888244656373374,17.782613495149246,0.12333504348915236,33.922736063654256
471,58.021816856271144,79.70931805343572,0.47034770817701504,98.5906010522628
472,54.0209637959319,12.944893244984145,1.6872435719064374,55.55029064339287
473,19.096814019307462,28.65908512867721,0.09143702876908733,34.43880755921705
474,9.978556227371127,52.103351144233834,1.7744983467877418,53.050266585966746
475,23.299798389810356,43.10400918945968,0.392206765396947,48.99832867772975
476,69.10391612516666,46.85173018802337,0.49515977898119784,83.48913609234083
477,38.73656155633199,78.3877518571818,1.5722168922742057,87.43661042395574
478,94.71309571721345,95.67157779834861,0.0009186878998571857,134.62399971313997
479,99.03654340119647,66.59137853506338,1.0526887231905566,119.34256836542933
480,64.36033637356009,38.95692858202441,0.6453331274230556,75.23227487363886
481,41.691086288811704,25.578168789536825,0.2596261103384386,48.91205776255155
482,33.94013087032921,80.1542045556798,2.135740606595013,87.0438337359335
483,66.04875019006845,48.223476487322955,0.31774038257778997,81.77983300419154
484,86.59487492325809,27.86841086112346,3.4487975812411897,90.9687896308349
485,41.294773942078024,85.2832427257086,1.9349853859284418,94.75489351341943
486,42.958874119562196,22.19317793614789,0.4312141379818675,48.35289042576371
487,95.55403149114952,11.090662555364272,7.1340606919825715,96.19550784796841
488,46.72918540709771,38.36678135896348,0.06992980146425176,60.461778675932294
489,55.392521575675545,99.18621674208666,1.91788773632854,113.60562062732579
490,14.255878416989876,64.0158179302407,2.4760515803623813,65.58395394239146
491,67.29657158741567,47.21682800378392,0.40319610238440057,82.20862116687687
492,14.348063613997608,73.75991231317757,3.5297677658542512,75.14247529805606
493,43.03985482384971,58.211502010489994,0.23017887835589007,72.39480692408358
494,55.66154070770957,73.29200611193583,0.31083331036961914,92.03219694144028
495,68.14819814760166,46.102275392008586,0.4860227101455766,82.27755895191216
496,92.33277712286596,94.68588500830931,0.0055371167205356744,132.25263154670162
497,50.00152073389622,1.6830716054766492,2.33467252617567,50.0298391535633
498,40.28766468628386,19.447148560461137,0.43432711239067695,44.73575206707818
499,73.25299370041827,47.66327136194941,0.6548338893599321,87.39444217452473
500,28.53887669531042,89.91415581125834,3.766924886560513,94.33463254967062
501,72.89121495420842,99.4584854812595,0.7058198632575169,123.30904083531964
502,31.366542246572273,62.93030070555656,0.9962708480571023,70.31417154029319
503,13.518446812088758,55.418522783790515,1.7556163664343785,57.04350157334998
504,48.703132048129085,4.616765880977292,1.9436076818241863,48.92146357681109
505,59.5962848783942,61.10083629084927,0.002263674952720552,85.3523834860391
506,56.563704281586816,91.05006281898173,1.189308925169751,107.18939584397013
507,64.35917612330792,92.89220491230039,0.8141337318734729,113.00913805856486
508,91.92638431206271,22.58979998574334,4.807561926040797,94.66128668090742
509,7.005520000393006,27.78590650007551,0.4318244630761869,28.655434222967987
510,63.29376742608357,73.61860916512121,0.1066023569361739,97.08656246048692
511,79.82489886308407,71.05382022684692,0.07693182044305573,106.86748732580308
512,19.388792614901796,21.480512119364516,0.004375290485349766,28.936787658166832
513,11.276559655640373,96.03499204167854,7.183991860538604,96.6947800768608
514,45.46170224637406,98.04225029317033,2.7647140329014506,108.06964982679749
515,52.199642562558104,21.662737055230398,0.9325025979634612,56.51616459370611
516,78.03755404486508,63.17682668294234,0.22084121772539902,100.40503608401211
517,53.51566751088892,37.60768649024805,0.2530638601530701,65.40844557306646
518,14.713184402982238,84.97101808590794,4.93616319381765,86.2354434663141
519,94.92442493321292,86.39353245189102,0.0727761265278745,128.3529855453979
520,91.51128403344812,17.194052305575248,5.523050931694353,93.11256918449449
521,39.997078311609236,95.43371729056011,3.0732209412825355,103.47637734941996
522,37.99831104116528,4.6072190855945045,1.114965021985383,38.27660002774292
523,11.902129705693177,77.55422217830603,4.310197246032509,78.46220790427198
524,92.0099698474272,99.02787263226746,0.04925095949746867,135.17527181181123
525,83.91471152468043,84.34151850135602,0.00018216419533896008,118.97550400559315
526,4.0628392185834254,87.18682381055586,6.909596814446473,87.28143507464213
527,78.53085172546338,11.263270234545486,4.524927519637279,79.33445612785854
528,43.64132547897673,68.82040116781725,0.6339858525443597,81.49118299829304
529,4.434663127804928,66.76722350521375,3.8853480832033167,66.91433606972635
530,90.08051763745627,52.985444065568934,1.376044483303734,104.50816686105256
531,54.812586847483715,0.31471529011204424,2.9700180042837796,54.813490334285184
532,94.08083834947514,79.99734206569275,0.19834486757531256,123.49404391352455
533,74.07951100807682,89.88973436014763,0.24996316244236508,116.4814933563855
534,1.4438865970986647,42.15653509394479,1.6575197476277475,42.181254837098905
535,83.48269172378676,74.53381709741947,0.0800823570784402,111.91358143031789
536,37.50974505907176,45.6788494003611,0.06673426573887235,59.10616090508187
537,23.424843470623625,43.711339752337544,0.41154193138799267,49.59238363466211
538,56.2999728774687,21.10649423293365,1.2385809391033444,60.12629245852909
539,28.317999389722416,3.1249716183211373,0.6346886482905961,28.489902369991228
540,94.15529759923842,38.309792424718715,3.1187204481973074,101.6506776250222
541,83.21192039027156,37.608065511462875,2.0797115798074426,91.31588189658672
542,14.125550089330774,72.75477272877126,3.437385747305081,74.11334643734116
543,97.6972720044948,10.589628011803553,7.58774164195744,98.26951296586658
544,11.169154630407796,46.8626644948854,1.27402664644556,48.175298013797
545,93.51750557041026,53.85716980084607,1.5729422333545728,107.91718392855182
546,27.669650575028815,96.5978414868459,4.751095502375903,100.4825982091526
547,26.194107780814434,32.15172966375307,0.03549325850006934,41.47125513899938
548,83.46608603857753,56.88157628110125,0.7067361590453514,101.00545153021181
549,76.18377325560006,96.8720849468432,0.42800624063402776,123.2402862273903
550,47.237336524583164,3.1020400663229752,1.947924393458514,47.33908125967161
551,79.8729572969234,85.69231178653556,0.03386488667576911,117.1446183427859
552,71.50486156623246,31.983553295983857,1.5619338073920213,78.33194054179373
553,63.57326560164264,52.66201411938648,0.11905540890903729,82.55209161715686
554,88.3958458495942,87.79892509277904,0.00035631438991677356,124.58923232331374
555,69.5944283751755,6.310043517371289,4.004913366830678,69.87990490876868
556,84.6148076974985,77.05806362242123,0.05710438101621552,114.44479390047313
557,59.9696229758272,91.59763667230277,1.0003312503844461,109.48279647421346
558,13.547490372606596,25.994673375890553,0.15493236471724103,29.313095014261147
559,17.005854519709906,24.963235315546783,0.06331990912995351,30.205334054847
560,87.02041241507037,94.38669566094252,0.054262128858416796,128.379906896213
561,22.74636128973061,69.09506870859468,2.148202679399465,72.74287230903366
562,92.98727696654211,28.31968229720755,4.181897800317348,97.20410527887793
563,45.72267963828423,89.58595293499886,1.923986744302279,100.57935372916751
564,4.618183951066768,48.02342228128613,1.8840147145031443,48.24496565044502
565,82.36798019726011,9.511516185097335,5.308064348355569,82.91533695231301
566,70.67346932324254,15.395540970387945,3.055649362983327,72.33091972285571
567,76.60750005952272,57.690852466342236,0.357839556164581,95.90069615838584
568,17.77882489455641,19.585633725750696,0.003264558152481659,26.45153422904921
569,94.5275962912419,21.714249568340605,5.301783460989442,96.98956178329806
570,79.15762304179022,55.8933556717068,0.541226136266728,96.90199427189347
571,45.507873275341716,55.66682962035502,0.10320439401988601,71.90106014535665
572,46.353090332613455,1.4315464988884696,2.017945100405275,46.375190660113766
573,6.207193652708288,66.2238240080476,3.6019959192094366,66.51408962987529
574,89.3463923776547,30.642043705128586,3.446200553065518,94.45481815835994
575,54.101454024729755,52.050262228787794,0.004207387783739605,75.07461039309841
576,97.87749165918265,20.22675531483018,6.0296368548201436,99.94561022906099
577,1.8129604046553505,71.67833520801436,4.881170596413831,71.701259149483
578,9.440079161382119,58.68489634664801,2.4250520196102583,59.43931488324863
579,55.86662287340564,82.48432682989574,0.7085021639153486,99.6230080044785
580,82.47514927162123,22.636964179571716,3.5806083951103767,85.52533188853123
581,71.2652280697916,18.854814561933363,2.746851444064689,73.7172758856722
582,27.952390357671796,35.10284187750575,0.05112895693749575,44.87254878636642
583,76.29054209704879,38.22733751274296,1.4488075432267198,85.33215189349639
584,44.75101182440008,95.4645139730112,2.571859300177184,105.43304267358903
585,66.20579187776184,63.22010928984084,0.008914300515814627,91.54228037787203
586,77.23053682020165,6.894925622983261,4.947098202486273,77.53770577520974
587,36.250655791893735,21.633708047757928,0.21365516135479687,42.21525043438668
588,88.23604506546823,57.84617041431219,0.9235444813129766,105.50724657764977
589,71.17537368701356,74.7502045488557,0.012779415690779053,103.21592367256997
590,66.23757002543736,54.21187626797583,0.1446173103482493,85.59406060801788
591,91.78846466660082,98.92030610636729,0.05086316232197035,134.94572689058825
592,87.77178659947576,68.1879557864723,0.38352642931234376,111.14622727381175
593,78.4278949710125,37.13804497698897,1.7048517125289653,86.77654691388119
594,57.66990709957375,48.12525237343538,0.0911004338411955,75.11230325905547
595,91.77848031193746,53.98395383628423,1.4284262315188527,106.47796354254132
596,18.97524619250549,36.21456570306517,0.2971941371871636,40.88465160824803
597,77.04161774947511,40.57315168651502,1.3299490169852717,87.07233489021179
598,63.184038500650686,20.75965830178843,1.7998280352576155,66.50703822948907
599,18.643384625003158,52.699281376935836,1.1598041035782987,55.89982153747238
600,2.866760989424322,1.358863722927095,0.0022737541663098086,3.172511495325494
601,94.00866222706435,56.78326344156911,1.3857303147391504,109.8269893095359
602,26.899716027137586,1.2108293997201258,0.6599188961563076,26.926953599987307
603,24.757080481797,16.44813580147687,0.06903856170062021,29.722957546751623
604,31.451189887256724,2.7984580185447916,0.8209790435403004,31.575444772890172
605,23.134769028820422,60.55291204594686,1.4001174268501282,64.82185353151392
606,85.34759670195581,28.23059704351827,3.2623516499819534,89.89537736854548
607,4.438617943149059,38.46034021445498,1.157477586305873,38.715618278117006
608,73.71263709950999,29.753605319843846,1.9323964750056986,79.49106803718954
609,64.39277401922526,97.34133369488698,1.0856075847006421,116.71231550864866
610,72.58643616677371,81.40195879696131,0.07771343924334972,109.06452040592899
611,27.888691375219242,22.465292885898634,0.029413251173965052,35.811569234975394
612,18.209827063363605,32.95534686749756,0.21743035429410668,37.65172889569204
613,20.432788679253335,87.222082629707,4.460809786400107,89.58342788414863
614,24.145137421007014,40.38232635373061,0.26364630443696163,47.05018536433751
615,87.51082782463831,41.66880403440602,2.101491145184223,96.92488955996402
616,32.54241978330287,74.85422711671394,1.7902890398196991,81.62208281214892
617,38.36206767283748,96.94689662224404,3.4321821830312245,104.26096585405027
618,63.71863055506907,44.951834077860255,0.35219265001697714,77.97904376675095
619,49.517106370025374,0.8430638056418971,2.3691624195594145,49.524282729190446
620,16.341670398943485,57.655509850500266,1.7068333302290095,59.926688608238976
621,31.294548769368824,83.54652716156696,2.7302692458987408,89.21530688977565
622,19.33401643007614,50.34915349706449,0.9619387272840748,53.93367639230072
623,71.91561657388961,3.4805859506313985,4.683353416406289,71.99979434527879
624,88.77654809132241,89.75684254701623,0.0009609772198640485,126.2440742174489
625,14.487049876302226,91.7205976797763,5.9650209063115165,92.85764725026074
626,10.946124717017325,72.8673870799012,3.8342427326130997,73.68496282263193
627,91.83749594588734,96.63090911073952,0.02297680976897822,133.31038315592252
628,62.93846863338589,75.6281599410103,0.16102826548279844,98.3914092285436
629,72.71107359135365,15.423705966673406,3.2818424893652622,74.32893735654804
630,65.46455924050306,84.4574223669526,0.36072884974004643,106.858152283404
631,94.15445338099249,57.876143217355036,1.3161157883290806,110.52017483332752
632,23.684102809905248,3.783838174516696,0.39602053255849623,23.984456575897052
633,28.56598533383479,31.841857633035332,0.010731339320669452,42.77755738252658
634,76.6871174093002,56.829201091804634,0.39433684047265666,95.44879293778713
635,66.28721463282109,28.325310532397864,1.4411061629297297,72.08549119298875
636,48.781206671756685,25.08345484834873,0.561583441483835,54.85240041677108
637,85.99505451645861,0.7257608908398994,7.270852435411981,85.9981170151961
638,81.15825303049901,39.33491560319439,1.7491915535581795,90.18812350012017
639,42.59165188053308,76.32298845271869,1.1378030669460666,87.402788149271
640,69.3446154641254,4.12675301999772,4.253369581781159,69.46730010843577
641,87.75397805720966,95.95320661542047,0.06722734894977964,130.02991396077599
642,62.88227485620895,94.79030605471854,1.0181224549650614,113.75140708157863
643,44.61891841281299,8.274353302323279,1.320927413070626,45.3796518596268
644,12.085082997321262,47.731862082835555,1.2706928591714595,49.2379923326183
645,28.248149595272352,89.81436908843438,3.7903993826802034,94.1518924414714
646,66.5843789075113,0.45706569470835845,4.372821552744141,66.58594764324012
647,66.98118776548137,47.55622993110449,0.3773289868673196,82.1466646902645
648,93.95510464401141,82.30261352788698,0.13578054921135893,124.90509149825662
649,78.65661603677351,38.8939199671951,1.5810719987216664,87.74736609591763
650,17.480368260399093,26.834536218524786,0.08750045818882539,32.025858436308724
651,97.31245934425878,83.74501315530416,0.18407559609017923,128.3859103329103
652,78.79742714224736,28.45670722648732,2.534188081636999,83.77839047398678
653,31.502190153520182,97.7171968134916,4.384427106980058,102.66955993650306
654,64.21428850175339,89.66398534945566,0.6476870696399469,110.28646841990098
655,45.78976789463933,16.320787446863072,0.8684208086314195,48.61142814946528
656,6.252636154511649,74.52932929113354,4.6617068256724306,74.79115177256546
657,61.790840101443415,65.90547911107525,0.016930254179584065,90.34179596013422
658,49.75086766052277,47.58209335867952,0.004703581972335676,68.84187999589308
659,15.109847898509399,82.95823939761726,4.6034042290162125,84.32305134106845
660,13.493202410962402,88.92361481350046,5.689747115216968,89.94151312271215
661,4.589793907809625,19.070434192431897,0.20968894305262537,19.614985811976567
662,8.684435809651214,67.94736311143575,3.512094552376599,68.50009911766006
663,71.86938263278448,68.63453219426097,0.010464257359615738,99.37759893226757
664,68.2284483378047,45.44875166426663,0.5189145805384017,81.97993773128073
665,53.437168307406694,64.63951218556232,0.12549250836445094,83.8677380898136
666,89.98871979580211,59.55484835476883,0.9262205308893413,107.9108412211067
667,89.46759894655789,42.03150693009348,2.2501828257944783,98.84886866361508
668,77.67439030847062,71.3568641113688,0.03991113725106788,105.47565105559191
669,78.86026840506126,3.8179901073570277,5.631343532110091,78.95263758341567
670,5.298381959890319,24.591065758417983,0.37220764814997176,25.155384444045545
671,84.38388719572177,85.84377332375381,0.0021312675068203796,120.3735595416216
672,59.570764434192924,86.65274907412372,0.7334338920374476,105.15405316666188
673,72.56815410196319,10.06389530061782,3.9067823683055605,73.26267111147446
674,84.96633626989362,45.99501212967812,1.5187641052417429,96.6168693341793
675,65.73056271599602,24.214064917387958,1.7236195894618276,70.04875312798197
676,31.69061162695993,59.16623719892523,0.7549100005708336,67.11883855945581
677,13.834621750745713,46.62315212229329,1.075087723925898,48.6324487642223
678,39.395556317731085,85.51847543547163,2.1273236679416363,94.15635665418924
679,34.29476191477612,8.41663665670529,0.6696773668724033,35.31246900745081
680,63.28870569155616,4.866877175943774,3.413110047107621,63.475560348516304
681,76.19991168515685,73.19224846168242,0.009046038065840563,105.65761579603411
682,13.607206347940714,5.479463671038875,0.06606020102193147,14.669034962044126
683,10.718625945397264,33.03013898859825,0.4978036142769279,34.72576887217131
684,66.8314180807685,81.59094963281078,0.2178437716357315,105.46810657573377
685,1.4973053325198937,94.28935099832935,8.610363738845667,94.30123877736148
686,12.166330726697938,30.869696961068204,0.3498159084969817,33.18068404689056
687,33.31078605505816,15.32369533227308,0.3235354326697011,36.66638932649607
688,35.358978484253946,38.692180361009875,0.011110234751209248,52.41509496832808
689,90.66214065642205,47.86584522881492,1.8315229023270274,102.5220117236963
690,87.95170129060924,72.18068759182252,0.24872487308731828,113.77852794416368
691,18.779491901787438,79.60993479255322,3.700342782286717,81.79493281227069
692,57.90407041088744,61.73353961139002,0.014664834357597864,84.63989179518173
693,39.83558838963369,94.31674226648518,2.9681961277531697,102.38418810593221
694,2.50799154443907,77.51248973918635,5.6256747494458486,77.55305337093084
695,58.04711142901069,76.25056934084785,0.3313658799480267,95.8311873559721
696,7.756102894881744,17.146205270014324,0.08817402261547053,18.81885988250776
697,92.93874672233304,13.130339128764412,6.369381922621184,93.86168786013988
698,83.50560687124944,98.8005318290673,0.23393472946527955,129.36279012390776
699,17.539313763833242,88.9218871158052,5.0954717783496575,90.63514514547983
700,58.10024304495152,38.06087460375039,0.4015762875222077,69.45695370144625
701,31.98452904905321,60.72443418960567,0.8259821474879534,68.63284203744938
702,12.275519937911994,16.43040863202414,0.017263100060460928,20.509673755605384
703,40.75627690411005,76.1698750809001,1.2541229358271473,86.38821665553944
704,15.400202409310381,1.4920974324640457,0.1934353840469778,15.472316859336066
705,86.4591173894287,51.519519002753725,1.2207755354221403,100.64511820269334
706,56.64343476911253,92.81325605132194,1.3082559715869688,108.73260413183782
707,53.61447818592306,92.54024589822056,1.5152153919917426,106.9495646650885
708,0.3510224297068487,36.43909196036464,1.3023487624495913,36.44078264310563
709,63.62723314181935,56.77840899926693,0.04690639213560894,85.27726851729874
710,52.79869356076398,30.01042538470423,0.5193051664640175,60.731603580791116
711,2.879039838837383,81.18686279565627,6.13211513623649,81.23789485821459
712,45.10460369068928,29.454217315520236,0.2449345936920769,53.869993426433915
713,27.778529167818267,10.219712200784759,0.3083120532817838,29.59880403317335
714,68.21550477931459,63.84962541638623,0.019060902611643688,93.43516339210589
715,55.96692039804735,78.3398627974782,0.5005485516082508,96.2778805436071
716,8.321140177193787,37.70753817388327,0.8635603872198357,38.61476154249011
717,66.0124166623516,7.179230869973874,3.4613437504804363,66.40166044225325
718,38.293229509799176,33.867532402340295,0.0195867948869699,51.12123998216127
719,37.17938840495204,2.9291268009747573,1.1730804199408809,37.294593522151054
720,51.78968891657236,57.86979604614139,0.036967702707036136,77.6600616307851
721,87.75155180900961,25.818671733951938,3.835681634391476,91.47097165218518
722,12.45119236011012,1.8157448527295061,0.11311274368224854,12.582889992314099
723,12.010382311606993,86.88562269344251,5.606301622237654,87.71180487310825
724,94.86803550187146,71.60705896912062,0.5410730292571856,118.85922368159511
725,15.594882894142936,17.31768881143061,0.0029680602286414255,23.30456432228633
726,3.121827774329644,35.287270140636174,1.034615682620187,35.425093403275724
727,91.24807005971188,31.392972501167982,3.5826327037428074,96.49730054297466
728,8.538024822383584,40.72182233544037,1.0357968223614402,41.60726717998682
729,23.86442468948792,36.3620370576773,0.15619031490552016,43.49377547125724
730,87.67342588031589,48.401513958978285,1.5422830659572988,100.14657337678815
731,81.05965213807771,52.89359815649342,0.7933265968935204,96.79049504309175
732,5.599161228576699,2.3936633289320053,0.010275216784626546,6.0893538734311035
733,54.94112289505203,31.945010260819128,0.5288211962863262,63.55321129205864
734,63.25970746791113,11.875983347425233,2.640287104490204,64.36481623833018
735,91.33677145727572,74.64013929748792,0.2787775254792601,117.95573837074234
736,60.3705719336354,82.03353972860624,0.46928417368594405,101.8533632041626
737,87.22670766810661,49.74047326779325,1.405217769515237,100.41221644561674
738,28.120641009933035,95.57247950138171,4.549750515876476,99.6236382032475
739,48.17825972870913,9.756205687723519,1.476254236728419,49.156161972921815
740,16.336228635038342,55.02970828301284,1.497185367268217,57.403320110684696
741,32.70685545019142,11.187280319934468,0.46309211378677356,34.567233536927844
742,58.09721209478217,96.65414639205953,1.486637182404563,112.77105155120165
743,21.333967678276988,8.925100487223691,0.15397998496519893,23.125648003997807
744,30.67867411140821,69.11395406214223,1.477270744891296,75.61692728045682
745,49.378184631014285,37.93423608158083,0.13096395840208014,62.267257724647266
746,0.6625288814571029,55.463466122773895,3.003142722526741,55.467423041555236
747,1.8021660452279487,38.91369954154983,1.3772659184486211,38.955408025903004
748,3.0468789414170194,27.73727898361169,0.6096158542436065,27.904123650427678
749,91.01191658677205,47.161984404847765,1.9228165523593586,102.50571561528
750,79.63811398778581,31.79857013766645,2.2886219557874936,85.75184116001043
751,0.7884236164632075,30.08567632858037,0.8583290164776565,30.096005248987748
752,14.164193880469389,34.93194703583451,0.4312995711221779,37.694367112313664
753,89.81224028960241,20.003564794151384,4.873251174429185,92.01293990690165
754,82.13434604158346,78.24169572349145,0.01515272649894182,113.43638635537539
755,13.510360982503522,45.104300138805286,0.9981769914120979,47.08426217844965
756,26.316326673178835,24.81282466651188,0.0022605182840515635,36.169397527475134
757,11.033899061605224,77.21555530990878,4.380011623768617,77.99992891227065
758,62.37472239643298,25.36991708887485,1.3693556158502822,67.33675584053974
759,14.136967414500745,33.496027528099006,0.37477320848191115,36.35708607468182
760,36.23754623805593,35.69378628969142,0.00029567488144537475,50.86458627620404
761,32.27502134385308,57.648746571571195,0.6438259319317385,66.0685627512769
762,18.971705885236734,4.4078473680890795,0.21210597490749428,19.477031155088703
763,6.055763692057681,28.267239552078614,0.4933496598802926,28.908633758596093
764,42.209177223173874,10.967570674922388,0.9760379797157501,43.61080426186518
765,60.66804373408034,13.438333700041005,2.230645509899436,62.13855762048185
766,5.843636944238795,79.40501594864315,5.411276481029622,79.61975037979174
767,11.43587551740577,25.560408565527492,0.19950243382748276,28.002030906459122
768,28.81748185708145,5.928263584126392,0.5239163131469797,29.420937607528717
769,52.246161306741854,40.50629470639366,0.13782446779397106,66.10916186226615
770,39.04522046293582,74.94516840473754,1.2888062622240737,84.50625721337877
771,35.09793913342422,40.15472385822038,0.025571071752931773,53.3316714489944
772,67.58413902821758,76.84573813286923,0.08577721797528427,102.33710625853632
773,72.38607219665703,16.482581894842596,3.12520022792506,74.23893152504174
774,44.12249053004871,23.280382142109936,0.4343934820545877,49.887577243807996
775,11.85764772886091,48.656018274804104,1.3541200748365396,50.08005515192482
776,0.6806846479857076,30.20762691877935,0.8718403198627804,30.215295061510922
777,41.17789656906466,22.968886894222095,0.33156803333851004,47.15070445934137
778,48.83247295330996,66.3217513968659,0.3058748604762307,82.3600942391607
779,68.48566588380646,5.336411066755797,3.9878283839487962,68.69325814533596
780,24.288468729254088,57.03778735807573,1.0725178706520841,61.99386179225341
781,75.93487420149567,26.83016557330452,2.411272409459551,80.53547606296189
782,18.553383954175327,86.3087539329432,4.5907901609597195,88.28040021209912
783,12.505142178993445,3.38375825293612,0.08319964472653693,12.954860123951715
784,84.81123619226031,99.85430932459249,0.22629404926469437,131.01079678847375
785,4.995475049056786,8.07543487257446,0.009486152514483022,9.495652655133327
786,31.041265936713035,58.842311732753814,0.7728981473535567,66.52802297534716
787,88.33777059346788,25.28509596147841,3.9756397782475283,91.88524251045611
788,19.632142559815126,51.02719372561013,0.9856492377028864,54.67353583773278
789,36.95173057357677,27.40919372917383,0.0910600094267876,46.007546046986576
790,6.09597628412496,5.4892993963536085,0.0003680568461559333,8.203251472399346
791,15.835106491004103,15.247542696296012,0.0003452312128517714,21.982678541451907
792,22.885379408290753,70.69973078959511,2.2862121980148418,74.31145621223313
793,83.50351560879406,14.591224563651362,4.748903857090454,84.76874986275907
794,22.869531665958696,11.394537889630973,0.13167548216676,25.550948560445335
795,45.36344846055476,8.584037232195495,1.3527250903047596,46.168475732225836
796,11.977115590144049,54.55601082847591,1.81296231971684,55.85525593331798
797,43.81030348676609,27.56358437642904,0.26395588185019103,51.75996401929847
798,18.29026195062098,96.62694271789798,6.136635553634265,98.34276659333044
799,7.966977695763111,46.11312435035567,1.4551285045936828,46.79629227787338
800,67.27379580707047,74.45691682831807,0.051597227605889175,100.34737697553676
801,99.52232315519592,34.1495864562402,4.273594703510992,105.21828292335638
802,96.31357843171344,52.55410519601147,1.914891497866117,109.71891069125347
803,4.433277012318182,41.382895568005715,1.3652743114108086,41.619682731376216
804,1.4281327925224296,84.3492247747758,6.875907495529325,84.3613139026339
805,53.93589066910288,60.891857817658504,0.04838547897178504,81.34432156429457
806,99.08147747067719,78.00765015834702,0.4441061975899129,126.10445139248404
807,42.43365699440874,87.74295936568059,2.0529328813713406,97.46508176863449
808,28.093446311561422,71.09239466568025,1.8489095595601779,76.44194074564973
809,14.366509639490744,8.634937334848459,0.03285092108334247,16.761823946048956
810,62.208152934872544,21.834186620833574,1.6300571559271533,65.92864322099977
811,8.41243980245736,58.06292423523715,2.465170604409708,58.66917686636534
812,54.010543129160624,19.569471847049126,1.186187391059485,57.44652293637421
813,23.96439210635296,79.79339547958267,3.116877617648094,83.31433280767551
814,19.227592712699494,64.9624150181368,2.0916739713099255,67.74817847377226
815,72.93207195041276,68.82550887259822,0.016863860312069642,100.2797975195018
816,20.544037961702955,27.168432519161,0.04388260325287979,34.06143304853889
817,3.6515713992036347,29.46976216643452,0.6665789744931261,29.695131854054754
818,50.24274265263254,77.63004496183449,0.750064327775618,92.47030371981648
819,60.32054852108381,84.88528134492131,0.6034260987065196,104.1349103945976
820,28.9587425377808,29.059244387506133,1.010062179821345e-05,41.02497353737455
821,69.853724916368,62.14272572497941,0.05945950852959545,93.49471239177983
822,24.7559263971458,88.51568180099495,4.065306409158672,91.91235943264589
823,23.769442610909287,0.3156676378902268,0.5500795604850154,23.771538614295064
824,47.28906857645489,69.54812566606886,0.49546562251869386,84.10230550045557
825,77.05136513649165,20.358395303906327,3.21409282843843,79.69552765837665
826,42.2583932263209,53.694424065296374,0.13078280134999812,68.32907853742975
827,35.66228429072263,96.59877281300969,3.7132556334268223,102.9714592972819
828,51.671132944502894,33.454911379210216,0.33183072811583403,61.55596701506119
829,7.29101086372137,91.55544029553069,7.1004940674683725,91.84529104490544
830,34.67496524339788,34.52065604349976,2.3811329173196546e-05,48.928814703653586
831,41.367121823180554,38.29457602240065,0.009440537697890236,56.371210033751126
832,76.89315887758563,14.603218791725169,3.8800366359000864,78.26756595967848
833,46.47099038981545,99.1169654855801,2.7715986937838717,109.4702050554396
834,24.66514727555744,15.693899361421138,0.08048328913689497,29.234704843581945
835,77.38563595476398,18.4848604639583,3.4693013534182957,79.56272191482182
836,82.0606226230374,90.78745002872179,0.07615751656860412,122.37772210659182
837,29.203981808412372,14.813266704563722,0.20709268120013768,32.74607493924451
838,41.11933656429911,57.162883255317865,0.2573953904268988,70.41587222742615
839,5.089860561334502,92.52016457712085,7.644058060292827,92.66006439621849
840,41.57532254338378,84.52690626255236,1.8448385439847474,94.19822358677847
841,37.388900896440845,67.39584815650963,0.9004168838685496,77.07224052133931
842,6.694543846364331,23.127822079415893,0.2700526334848862,24.077231390839184
843,58.886970211919895,89.37399462421665,0.9294586575159783,107.02983778287738
844,21.269447503696615,89.75004415609583,4.689592117868591,92.23589227157537
845,6.32243249741512,49.86424869406743,1.895889757703053,50.263470338887025
846,1.3944799119533835,58.46611174133919,3.2571711596689634,58.48273930293965
847,28.98255684432166,59.32638741105529,0.9207480534626383,66.02733407067831
848,52.55010231565601,98.84452925640039,2.143173965771919,111.94531797849032
849,91.79638471523417,88.34496971822826,0.011912265481557322,127.40255068601235
850,58.92070416893309,3.907788103879406,3.026420933980642,59.05014976803828
851,47.93667758409131,38.91481940763426,0.08139392495610495,61.74373026737136
852,92.39426670770621,93.16336986061411,0.0005915196598128767,131.21019016921028
853,1.326354062630375,37.64022789125936,1.318697432441585,37.663589457264884
854,58.71448583258944,87.16342175444686,0.8093419550859495,105.094495281765
855,23.35057988540733,15.458148201537691,0.06229047788454937,28.003641313327314
856,93.97518238192217,18.043198534663198,5.765666170980398,95.6916501951806
857,25.1042771414115,59.63510670781089,1.1923781905437223,64.70371459850499
858,2.8456825803695573,67.08865466995788,4.127159462903624,67.1489798490869
859,86.58912764471832,15.944581649666478,4.990651878846996,88.04491302884115
860,70.51342010920268,33.796242515028815,1.3481511304821034,78.19417128937137
861,5.575163880033029,18.33624463564988,0.16284518205137474,19.165080736266777
862,54.454741925407966,80.5251931580795,0.6796684274751048,97.20918501514555
863,73.73063331288094,53.45189633618167,0.4112271733701503,91.06762053909402
864,8.857316584149489,88.3791887363655,6.323728150593389,88.82191767109043
865,48.96624412055684,32.76166356068081,0.2625884311215121,58.91536015791813
866,11.930181058305745,38.948821384232616,0.7300069250618016,40.734996100463945
867,81.492022909795,31.936954550949782,2.4557048000498227,87.52667515632011
868,34.77291317091963,17.489404426074373,0.2987196745331425,38.92344740090613
869,66.43468787243485,29.63764280264781,1.3540225258679386,72.74584265513174
870,23.727196509087868,87.15483384114637,4.023065177527141,90.32687814852622
871,89.01360689195994,28.603589097602445,3.649370249914589,93.4964572654005
872,82.45656949731321,82.5688969246483,1.2617450931719636e-05,116.69065340728211
873,48.84305602964567,7.9267549310458545,1.6741436955912807,49.48209338793142
874,85.57227756850773,29.566433305472707,3.136654591615333,90.53611802296749
875,79.96888471984921,17.42904713672423,3.911231284923652,81.84616183689182
876,68.49527760645377,49.23453013794688,0.37097639304559465,84.35426493242394
877,15.51678188911011,56.87764382086392,1.7107208997376022,58.9562285666856
878,49.893070989142316,56.436349986857984,0.04281450004194695,75.32848154958866
879,29.25266217115883,40.88760003361563,0.13537177906323078,50.27438791878894
880,39.77013001648393,75.11248159315143,1.2490818149687717,84.99145917449323
881,39.240127551626756,9.692039376648498,0.8730895147962899,40.41934236904953
882,44.41023107591049,26.071719601535314,0.33630100309579,51.497603703442806
883,21.54177143787752,58.41172999667581,1.359393844127503,62.25735392615327
884,7.637762739291243,47.32893841406484,1.5753894264457393,47.94125395798537
885,33.56479039025263,10.346228050063178,0.539101637145264,35.12320584464792
886,82.9603783242046,39.37347859592021,1.8998178279235176,91.82970754847553
887,22.989535356889345,9.16669793655156,0.19107083434909053,24.749688624013917
888,10.703879239095205,53.73086489360548,1.8513214945134324,54.78666692709111
889,21.192953762537858,53.854670897930305,1.0667877662323888,57.87457876050113
890,15.175384531503056,17.30924168140041,0.004553346336168066,23.0196034558398
891,0.2583338703860072,81.12549387647138,6.539497567449813,81.12590519119021
892,15.316639396244769,51.65795882935363,1.3206914981392561,53.88083288897632
893,77.90541080788242,55.38462471511748,0.5071858062360746,95.58613753039363
894,10.73279897474163,24.165999130721318,0.1804508664306127,26.442172524553246
895,45.27793751820619,91.95405119626673,2.1786595880872306,102.49702023624017
896,97.41783085904675,7.927956919337731,8.00843753774501,97.73989088492331
897,22.160634913008494,77.25536386034109,3.0354291577800487,80.37092126472949
898,63.04030661922353,35.29749833821283,0.7696634113169156,72.24952351110598
899,85.1419247872681,59.48417404808565,0.6583201729940175,103.86295931978717
900,47.07657034965864,50.650260604570775,0.012771262038053972,69.14949294967602
901,55.1000301006564,85.97125212283544,0.9530323491426722,102.11302320792083
902,64.48827322502272,89.95824691930773,0.64871955998757,110.68524550426909
903,87.58381237204188,97.5932380188759,0.10018860177949859,131.13109584164238
904,96.99873534428144,26.80141560427125,4.927663698681224,100.63334704153901
905,89.61142485706304,52.42155104777848,1.3830867139505099,103.81823770016472
906,19.922039512350864,12.187647290354075,0.05982082304368442,23.354365861777197
907,78.70871936803276,23.70393232686506,3.0255265974442103,82.20060165419919
908,53.6125687824071,18.830948436444437,1.209761113890684,56.823517582637926
909,23.489635356038075,24.748326230043606,0.0015843027163048066,34.12099969737549
910,50.952276445307845,45.38251803421911,0.03102220875789371,68.23274447129688
911,98.04839213204232,77.12119784339845,0.4379474607946488,124.74440410887915
912,20.994033171987482,26.019104244446854,0.025251339283267983,33.43266687702169
913,68.18649920861353,37.41834011119056,0.9466796142443317,77.77873006807829
914,36.01347244280232,48.085669164796485,0.14573793369452673,60.07663253224786
915,7.277182720269582,43.453006476490074,1.3086902244411271,44.0581565682233
916,16.53684058112985,31.151204030216217,0.21357961902199155,35.268464794173596
917,25.56776585352527,54.7467062893185,0.8514105649555694,60.422781302002306
918,95.10228319738015,14.972559962852472,6.420772545642004,96.27368187202516
919,29.656120639838,99.49025584088538,4.876806439278166,103.81616684644764
920,73.08848706877653,66.99668589371555,0.03711004155647433,99.14879153446046
921,20.49545989744852,90.39149224913835,4.885455338508471,92.68595226588525
922,78.35285131347632,77.62710118334589,0.0005267132513843447,110.29567601262141
923,25.66870442349304,35.420135327266145,0.09509040467106117,43.743209454525605
924,8.848192194459282,47.7590131962505,1.5140519910334367,48.57173917608592
925,50.6452450461713,32.40245750996306,0.33279929709123474,60.12370662618614
926,21.049888865524814,17.588906921914948,0.011978396013993526,27.431140478637285
927,25.433404870645006,69.73538249434142,1.9626652213704978,74.22857707747232
928,80.75775587569328,1.3247724306009179,6.309598858988317,80.76862111037276
929,77.12362282692544,53.63079410559609,0.5519130013297174,93.93782664266134
930,51.48019003280354,21.673112521408655,0.8884618697703027,55.8563673378354
931,41.463947980954664,34.70620025852258,0.045667154280036044,54.071982750330015
932,97.33396694255035,89.33530120841733,0.06397865352639362,132.1162259632485
933,99.73221230334602,28.0268410044862,5.141660273107349,103.59545350839694
934,42.650158568562226,54.1841306756638,0.13303251256739718,68.95618930162044
935,85.0857682019304,64.52239524926314,0.4228523071904876,106.78355416081058
936,54.22298328775879,76.97361623181848,0.5175912993553343,94.1544980998138
937,52.60971243485623,64.92484863140504,0.1516625795395468,83.56445304248166
938,29.419659434821988,1.4488802068236994,0.7823644906214205,29.455315566373343
939,68.10848139450864,60.154263028156684,0.06326958981961084,90.86969020705853
940,48.6542932788434,55.99545630208792,0.053892674533852714,74.18039755179763
941,26.486640529688433,54.99468572804936,0.8127086410317896,61.04062241553448
942,40.783973471005694,49.36410285507503,0.07361862024737008,64.03239135601703
943,1.0241575428555527,96.52789954742849,9.120964736876031,96.53333253188266
944,15.25984879609129,4.457778873471064,0.11668471461317655,15.897634344905967
945,33.918472193370505,8.208869589850254,0.6609836660309354,34.897683245104055
946,40.863810033902595,42.645806705751035,0.003175512138478915,59.063658878121984
947,39.79736151244866,12.707830527724905,0.7338426889723083,41.777014494502914
948,89.6959759686513,25.457101086248212,4.126633046157038,93.2385762476258
949,21.124334940042246,81.56386985033303,3.652937380172259,84.2549843725649
950,70.97889992207499,74.64176720495234,0.013416596731973355,103.0019303004863
951,58.953396964382506,93.50099621914346,1.1935366142675596,110.53478777114626
952,94.05810523626741,25.5751034026678,4.6899215401408085,97.47314027307166
953,67.81692839057472,97.89229117440641,0.9045274465790885,119.08835563440746
954,21.17721858023226,61.437600681264534,1.62089836692112,64.98502415376524
955,2.2355906328253683,33.606564718540376,0.9841380150866027,33.68084110676305
956,16.28332830100776,29.478104410908145,0.17410211659039795,33.67648170784476
957,35.93615516395858,30.45291233947516,0.03006595187224894,47.10400320486429
958,6.238715356337532,13.913565480315482,0.05890332442552435,15.248241658382396
959,93.18875078365808,82.64748391932473,0.1111183071050923,124.55821880074302
960,56.65675564556594,93.66496009630568,1.3696071966677528,109.46740478390771
961,91.87501486786458,27.303530958494115,4.16947653425809,95.84623706631254
962,24.435564911315254,54.84386934857303,0.9246649787489509,60.041209495299555
963,36.73515910151279,33.14364645968679,0.012898963056395974,49.47699682537499
964,43.81705127087503,61.15906592608981,0.3007454723016843,75.23539942757192
965,40.158194940499115,39.35129458226376,0.0006510881881203412,56.22459431760473
966,27.566430003344777,7.220781922598074,0.413945395825592,28.496451615999952
967,16.875109351371677,88.0724003660947,5.069054247835159,89.67450597503411
968,86.63316057941117,83.63528067358938,0.008987283929730066,120.41662960458623
969,33.52814261095798,55.24316822825834,0.471542337560011,64.62154426223803
970,29.210088790892275,27.400726509853214,0.0032737918640468725,40.050332089004996
971,91.36940992657492,82.95528277540453,0.07079753571606276,123.40967551483884
972,55.830685743440924,3.9475669981375416,2.691858010739251,55.97007017851275
973,13.916745961974664,79.49864375112283,4.300985317626276,80.70755959907397
974,0.4571293747890115,68.1595209349529,4.583613822965751,68.16105384563517
975,58.33405745291809,62.111022723634065,0.01426546665619461,85.20939738489021
976,37.574160274709136,59.56800340576985,0.4837291356737065,70.42843566415016
977,4.361307402769777,23.19577435098077,0.3547371452232524,23.602223412277745
978,26.673718740557874,61.27970032893807,1.1975739616953092,66.8332921817775
979,96.84033960728091,65.6815703867137,0.9708688993405665,117.01333284595532
980,47.66367247352819,85.7465662313438,1.450306796969072,98.10351315895878
981,37.96547762156602,45.46025288755929,0.056171656287744474,59.22847358859144
982,17.052846590182426,28.673727108019776,0.13504486400985166,33.36138790718223
983,99.51732090433553,72.98466594504687,0.7039817791886653,123.41174426725595
984,9.016819650438634,83.53296989967774,5.5526566479671775,84.01821288785547
985,4.461790806257748,27.390688459277747,0.525734347582666,27.751709703584343
986,59.82031409942509,41.247299256059414,0.34495688037188177,72.66229885485868
987,87.52840729705234,60.95542815346589,0.7061232205654806,106.66201903832041
988,98.21666267620034,83.23488737952792,0.2244535910399841,128.7422203643126
989,71.69087626915665,26.543498472430027,2.038285721920363,76.44696888298073
990,14.487477734427866,92.96469186002383,6.158673136914638,94.08677347924481
991,8.659201342587341,19.55030536386957,0.11861614680238992,21.382146938790164
992,83.18061759315763,32.161010666696214,2.6030002909306305,89.18153256298342
993,44.07855868253262,53.895193997298286,0.09636632890310433,69.62478920281116
994,49.44460687698518,36.427738434005576,0.16943886406183836,61.41456892819437
995,65.0946186227823,68.09704496536934,0.009014563942660522,94.20465437896904
996,15.823137509530316,68.29434214505567,2.7532273159031773,70.10341539234327
997,73.94299506195307,73.46439344209038,0.00022905951053518774,104.2333134009769
998,71.08868782901055,69.06851596038462,0.004081094378787609,99.11640345684673
999,5.295617690509314,66.51065558640235,3.7472808645956204,66.72114262553565
